{"cameraMode":{"drawMode":0,"name":"Shaded","section":"Shading Mode"},"sceneLighting":true,"audioPlay":false,"sceneViewState":{"showFog":true,"showMaterialUpdate":false,"showSkybox":true,"showFlares":true,"showImageEffects":true,"showParticleSystems":true},"in2DMode":false,"pivot":{"x":-64.4000015258789,"y":6.800000190734863,"z":-2.8399996757507326},"rotation":{"x":0.20929384231567384,"y":0.020532069727778436,"z":-0.004403313621878624,"w":0.9776371121406555},"size":13.40467357635498,"orthographic":false}