{"cameraMode":{"drawMode":0,"name":"Shaded","section":"Shading Mode"},"sceneLighting":true,"audioPlay":false,"sceneViewState":{"showFog":true,"showMaterialUpdate":false,"showSkybox":true,"showFlares":true,"showImageEffects":true,"showParticleSystems":true},"in2DMode":false,"pivot":{"x":-1.0056626796722413,"y":18.619895935058595,"z":96.23258972167969},"rotation":{"x":-0.10998152196407318,"y":0.8087504506111145,"z":-0.15992371737957,"w":-0.5553768873214722},"size":145.78265380859376,"orthographic":false}