{"cameraMode":{"drawMode":0,"name":"Shaded","section":"Shading Mode"},"sceneLighting":true,"audioPlay":false,"sceneViewState":{"showFog":true,"showMaterialUpdate":false,"showSkybox":true,"showFlares":true,"showImageEffects":true,"showParticleSystems":true},"in2DMode":false,"pivot":{"x":56.231605529785159,"y":-9.487823486328125,"z":279.041748046875},"rotation":{"x":-0.3435700833797455,"y":-0.14878782629966737,"z":0.055353377014398578,"w":-0.926260232925415},"size":407.879150390625,"orthographic":false}