{"cameraMode":{"drawMode":0,"name":"Shaded","section":"Shading Mode"},"sceneLighting":true,"audioPlay":false,"sceneViewState":{"showFog":true,"showMaterialUpdate":false,"showSkybox":true,"showFlares":true,"showImageEffects":true,"showParticleSystems":true},"in2DMode":false,"pivot":{"x":-19.447128295898439,"y":9.373161315917969,"z":216.29322814941407},"rotation":{"x":-0.14063717424869538,"y":0.81589275598526,"z":-0.22329147160053254,"w":-0.514760434627533},"size":97.62421417236328,"orthographic":false}