{"cameraMode":{"drawMode":0,"name":"Shaded","section":"Shading Mode"},"sceneLighting":true,"audioPlay":false,"sceneViewState":{"showFog":true,"showMaterialUpdate":false,"showSkybox":true,"showFlares":true,"showImageEffects":true,"showParticleSystems":true},"in2DMode":false,"pivot":{"x":72.08544158935547,"y":10.872509002685547,"z":16.583738327026368},"rotation":{"x":-0.5808355212211609,"y":-0.010499352589249611,"z":0.007497895509004593,"w":-0.8139264583587647},"size":8.829090118408204,"orthographic":false}