{"cameraMode":{"drawMode":0,"name":"Shaded","section":"Shading Mode"},"sceneLighting":true,"audioPlay":false,"sceneViewState":{"showFog":true,"showMaterialUpdate":false,"showSkybox":true,"showFlares":true,"showImageEffects":true,"showParticleSystems":true},"in2DMode":false,"pivot":{"x":0.5367484092712402,"y":1.4564406871795655,"z":-9.54049301147461},"rotation":{"x":0.12796802818775178,"y":0.8520164489746094,"z":-0.24428394436836244,"w":0.4456425607204437},"size":21.3405818939209,"orthographic":false}